sex,typ,0,1,2,3,4,5,6,7,8,9,10,11,12,13,14,15,16,17,18,19,20,21,22,23,24,25,26,27,28,29,30,31,32,33,34,35,36,37,38,39,40,41,42,43,44,45,46,47,48,49,50,51,52,53,54,55,56,57,58,59,60,61,62,63,64,65,66,67,68,69,70,71,72,73,74,75,76,77,78,79,80,81,82,83,84,85,86,87,88,89,90,91,92,93,94,95,96,97,98,99,100
0,1,0.03038,0.07914,0.13324,0.17863,0.23967,0.31567,0.38162,0.44196,0.53445,0.63959,0.76758,0.87881,1.02789,1.22913,1.37022,1.5905,1.89473,2.09887,0.59572,0.0743,0.07081,0.08729,0.10531,0.1214,0.14173,0.20232,0.23798,0.25741,0.30314,0.34829,0.41628,0.45544,0.50077,0.57719,0.64503,0.69732,0.75703,0.79204,0.88002,0.95677,1,1.05736,1.08415,1.29551,1.46295,1.33507,1.3668,1.54926,1.72467,1.7754,1.81964,1.97907,2.17887,2.30559,2.50815,2.85951,3.21006,3.42334,3.75204,4.01708,4.37952,4.58901,18.87539,25.0043,26.67971,33.99706,36.98918,36.40261,36.40475,38.72067,42.51389,39.30145,43.48645,45.46054,48.73226,48.17841,48.33839,46.96129,45.78624,43.89311,42.91053,43.22824,43.14622,43.75555,42.02272,41.76041,41.76041,41.76041,41.76041,41.76041,41.76041,41.76041,41.76041,41.76041,41.76041,41.76041,41.76041,41.76041,41.76041,41.76041,41.76041
0,2,0,0,0,0,0,0,0,0,0,0,0,0,0,0,0,0,0,0,0,0,0.00367,0.00367,0.00367,0.00367,0.00367,0.0131,0.0131,0.0131,0.0131,0.0131,0.01983,0.01983,0.01983,0.01983,0.01983,0.02319,0.02319,0.02319,0.02319,0.02319,0.03139,0.03139,0.03139,0.03139,0.03139,0.03139,0.03139,0.03139,0.03139,0.03139,0.04892,0.04892,0.04892,0.04892,0.04892,0.07801,0.07801,0.07801,0.07801,0.07801,0.14919,0.14919,0.14919,0.14919,0.14919,1,1,1,1,1,1.37427,1.37427,1.37427,1.37427,1.37427,1.67593,1.67593,1.67593,1.67593,1.67593,1.81373,1.81373,1.81373,1.81373,1.81373,1.56587,1.56587,1.56587,1.56587,1.56587,1.56587,1.56587,1.56587,1.56587,1.56587,1.56587,1.56587,1.56587,1.56587,1.56587,1.56587
0,3,0.37662,0.17339,0.17339,0.17339,0.17339,0.17339,0.16497,0.16497,0.16497,0.16497,0.16497,0.16497,0.16497,0.16497,0.16497,0.32488,0.32488,0.32488,0.32488,0.32488,0.32488,1,1,1,1,1,1,1,1,1,1,1,1,1,1,1,1,1,1,1,1,1,1,1,1,1.09226,1.09226,1.09226,1.09226,1.09226,1.09226,1.09226,1.09226,1.09226,1.09226,1.09226,1.09226,1.09226,1.09226,1.09226,1.09226,1.09226,1.09226,1.09226,1.09226,0.92298,0.92298,0.92298,0.92298,0.92298,0.92298,0.92298,0.92298,0.92298,0.92298,1.22975,1.22975,1.22975,1.22975,1.22975,1.22975,1.22975,1.22975,1.22975,1.22975,1.52006,1.52006,1.52006,1.52006,1.52006,1.52006,1.52006,1.52006,1.52006,1.52006,1.52006,1.52006,1.52006,1.52006,1.52006,1.52006
0,4,0,0,0,0,0,0,0,0,0,0,0,0,0,0,0,0,0,0,0.05,0.25,0.4,0.55,0.675,0.8,0.925,1.025,1.1,1.125,1.12,1.11,1.1,1.09,1.08,1.07,1.06,1.05,1.04,1.03,1.02,1.01,1,0.99,0.98,0.97,0.96,0.95,0.94,0.93,0.92,0.91,0.9,0.89,0.87,0.85,0.825,0.8,0.775,0.74,0.7,0.655,0.605,0.535,0.43,0.3,0.225,0.15,0.1,0.06,0.03,0.005,0,0,0,0,0,0,0,0,0,0,0,0,0,0,0,0,0,0,0,0,0,0,0,0,0,0,0,0,0,0,0
0,5,0,0,0,0,0,0,0,0,0,0,0,0,0.05099,0.12122,0.19501,0.27081,0.34724,0.42299,0.49703,0.56841,0.63631,0.70004,0.75909,0.81304,0.86156,0.90449,0.94169,0.97316,0.99904,1.01947,1.03473,1.0451,1.05102,1.05289,1.05124,1.04662,1.03955,1.03072,1.02076,1.01028,1,0.99062,0.98281,0.97725,0.97459,0.97551,0.98063,0.99054,1.00582,1.02699,1.05449,1.08876,1.13015,1.17895,1.23536,1.29951,1.37144,1.4511,1.53835,1.63295,1.73447,1.84249,1.95635,2.07533,2.19855,2.32497,2.45341,2.58257,2.71093,2.83682,2.95841,3.0737,3.18045,3.27625,3.35853,3.42444,3.47099,3.49489,3.49269,3.46072,3.39497,3.29134,3.1453,2.95222,2.7071,2.40472,2.40472,2.40472,2.40472,2.40472,2.40472,2.40472,2.40472,2.40472,2.40472,2.40472,2.40472,2.40472,2.40472,2.40472,2.40472
0,6,0,0,0,0,0,0,0,0,0,0,0,0,0,0,0,0,0,0,0.05077,0.10154,0.15227,0.22845,0.32994,0.43148,0.53298,0.68529,0.83756,0.9391,1.0406,1.11673,1.1675,1.21827,1.24372,1.21417,1.18274,1.15227,1.12184,1.09137,1.0609,1.03047,1,0.96953,0.9391,0.90863,0.87816,0.84773,0.81726,0.78679,0.75636,0.72589,0.69542,0.67512,0.64465,0.61422,0.58375,0.55328,0.52285,0.49238,0.46191,0.43148,0.40101,0.37054,0.34011,0.30964,0.27917,0.24874,0.21827,0.1878,0.15738,0.1269,0.09643,0.06601,0.03553,0.00506,0,0,0,0,0,0,0,0,0,0,0,0,0,0,0,0,0,0,0,0,0,0,0,0,0,0,0
0,7,0,0,0,0,0,0,0,0,0,0,0,0,0,0,0,0,0,0,0.0299,0.14953,0.23924,0.32896,0.42464,0.5323,0.61604,0.66389,0.71031,0.75326,0.79318,0.82989,0.86326,0.89316,0.91947,0.94213,0.96116,0.97653,0.98821,0.99634,1.00095,1.00213,1,0.99468,0.98637,0.97516,0.96124,0.94481,0.92613,0.90534,0.88271,0.85842,0.83273,0.80589,0.77807,0.7496,0.72062,0.69147,0.66231,0.63339,0.60494,0.57717,0.55023,0.52438,0.4998,0.47659,0.45499,0.43506,0.41691,0.40069,0.38646,0.37422,0.36409,0.35596,0.34988,0.3458,0.34356,0.34093,0.33793,0.33493,0.33196,0.32896,0.32596,0.32298,0.31998,0.31698,0.31401,0.31101,0.31101,0.31101,0.31101,0.31101,0.31101,0.31101,0.31101,0.31101,0.31101,0.31101,0.31101,0.31101,0.31101,0.31101,0.31101
0,8,0,0,0,0.06772369,0.12338749,0.76959163,0.73445947,0.71944363,0.703992,0.69822756,0.69893309,0.70014387,0.71992915,0.70359774,1,0.92413317,0.81832035,0.74930648,0.32793987,0.31157795,0.3027905,0.29424344,0.14403075,0.14602615,0.1445844,0.05033477,0.04800167,0.04598043,0.04479517,0.0441272,0.02306204,0.02289339,0.02304124,0.02322223,0.02341603,0.01663519,0.017006,0.01744156,0.01789225,0.01837825,0.00942043,0.00964903,0.00980785,0.00975032,0.00990923,0.01121145,0.01247385,0.01241724,0.01231928,0.01299407,0.00197721,0.00207897,0.00213443,0.00218563,0.00226328,0.0023183,0.00233908,0.00241028,0.00247416,0.00245467,0.00240518,0.00238024,0.0023902,0.00239483,0.002424,0.00019888,0.00020102,0.00020412,0.00020939,0.00021247,0.00021727,0.00023313,0.00024962,0.00026195,0.00027765,0.00029137,0.00030666,0.00032651,0.00035078,0.00038156,0.00041857,0.00045801,0.00050318,0.00055648,0.00062629,0.00071078,0.00080662,0.00093322,0.00109803,0.0013049,0.00035064,0.00035064,0.00035064,0.00035064,0.00035064,0.00035064,0.00035064,0.00035064,0.00035064,0.00035064,0.00035064
0,9,0,0,0,0,0,0,0,0,0,0,0,0,0,0,0,0,0,0.08003,0.1081,0.15236,0.22628,0.28347,0.32327,0.40963,0.4706,0.54491,0.61319,0.64993,0.70188,0.74111,0.76123,0.81163,0.82507,0.8505,0.8905,0.91024,0.92454,0.95073,0.97795,0.98592,1,1.00979,1.02458,1.05965,1.06383,1.05951,1.0596,1.06287,1.0563,1.04228,1.02469,1.01612,0.99869,0.99433,0.95215,0.92554,0.91369,0.82686,0.79639,0.74862,0.6654,0.64316,0.51006,0.47322,0.39235,0.29896,0.25664,0.21038,0.15069,0.13524,0.12121,0.10356,0.09798,0.07527,0.06485,0.06042,0.05386,0.04646,0.03921,0.03872,0.03044,0.03006,0.02979,0.0296,0.03006,0.02541,0.02541,0.02541,0.02541,0.02541,0.02541,0.02541,0.02541,0.02541,0.02541,0.02541,0.02541,0.02541,0.02541,0.02541,0.02541
0,10,0,0,0,0,0,0,0,0,0,0,0,0,0,0,0,0,0,0.08647,0.11657,0.16549,0.24216,0.30871,0.3506,0.4425,0.50936,0.59094,0.65749,0.69352,0.7459,0.78751,0.8065,0.84778,0.8604,0.87867,0.91536,0.92478,0.93958,0.95218,0.98555,0.98923,1,1.00738,1.01706,1.04597,1.0469,1.04404,1.04346,1.04714,1.03155,1.02283,1.01136,0.99483,0.97995,0.96751,0.92766,0.91926,0.89414,0.80964,0.78464,0.74206,0.66494,0.64038,0.50363,0.47259,0.37663,0.28536,0.2447,0.18219,0.1428,0.12625,0.1159,0.09701,0.08898,0.0712,0.06347,0.05575,0.052,0.04627,0.03755,0.03635,0.0309,0.03097,0.03097,0.02545,0.02659,0.0247,0.0247,0.0247,0.0247,0.0247,0.0247,0.0247,0.0247,0.0247,0.0247,0.0247,0.0247,0.0247,0.0247,0.0247,0.0247
0,11,0.229,0.23,0.242,0.24,0.258,0.279,0.303,0.32,0.335,0.352,0.37,0.389,0.409,0.443,0.481,0.515,0.58,0.636,0.69,0.742,0.819,0.862,0.913,0.949,0.988,0.997,1.007,0.999,0.994,0.991,0.997,1,0.991,1.008,1.005,0.982,0.96,0.967,0.958,0.975,1,1.019,1.037,1.055,1.064,1.068,1.081,1.094,1.084,1.073,1.067,1.068,1.056,1.087,1.068,1.067,1.057,1.056,0.994,0.993,0.985,0.961,0.94,0.939,0.919,0.91,0.906,0.894,0.887,0.888,0.865,0.843,0.816,0.804,0.771,0.724,0.74,0.737,0.714,0.713,0.709,0.642,0.621,0.567,0.508,0.489,0.489,0.489,0.489,0.489,0.489,0.489,0.489,0.489,0.489,0.489,0.489,0.489,0.489,0.489,0.489
0,12,0,0,0,0,0,0,0,0,0,0,0,0,0,0,0,0,0,0,0,0.11294,0.11765,0.08088,0.10294,0.11002,0.11765,0.15,0.17647,0.20441,0.23616,0.26618,0.28824,0.33382,0.40294,0.48382,0.52941,0.61324,0.68529,0.76471,0.86912,0.95147,1,1.08235,1.16176,1.22059,1.29412,1.36029,1.41176,1.45588,1.52941,1.57353,1.63676,1.70588,1.72941,1.76029,1.8,1.83088,1.86176,1.88235,1.91176,1.93382,1.97059,1.975,2.01471,2.04559,2.10735,2.13824,2.15882,2.17647,2.17647,2.16912,2.13824,2.08676,1.99559,1.92353,1.85147,1.79412,1.72941,1.66765,1.63235,1.54412,1.49412,1.45294,0,0,0,0,0,0,0,0,0,0,0,0,0,0,0,0,0,0,0
0,13,0,0,0,0,0,0,0,0,0,0,0,0,0,0,0,0,0,0,0,0.11294,0.11765,0.08088,0.10294,0.11002,0.11765,0.15,0.17647,0.20441,0.23616,0.26618,0.28824,0.33382,0.40294,0.48382,0.52941,0.61324,0.68529,0.76471,0.86912,0.95147,1,1.08235,1.16176,1.22059,1.29412,1.36029,1.41176,1.45588,1.52941,1.57353,1.63676,1.70588,1.72941,1.76029,1.8,1.83088,1.86176,1.88235,1.91176,1.93382,1.97059,1.975,2.01471,2.04559,2.10735,2.13824,2.15882,2.17647,2.17647,2.16912,2.13824,2.08676,1.99559,1.92353,1.85147,1.79412,1.72941,1.66765,1.63235,1.54412,1.49412,1.45294,0,0,0,0,0,0,0,0,0,0,0,0,0,0,0,0,0,0,0
0,14,0,0,0,0,0,0,0,0,0,0,0,0,0,0,0,0,0.02,0.04,0.1,0.18,0.22,0.305,0.38719,0.42972,0.472,0.51379,0.55492,0.59522,0.63454,0.67275,0.70975,0.74543,0.77973,0.81258,0.84395,0.87378,0.90209,0.92885,0.95407,0.97778,1,1.02077,1.04014,1.05816,1.07489,1.09041,1.10479,1.11809,1.13041,1.14184,1.15246,1.16236,1.17162,1.18035,1.18863,1.19654,1.20417,1.21161,1.21893,1.22619,1.23348,1.24085,1.24835,1.25603,1.26392,1.27205,1.28044,1.28909,1.298,1.30714,1.31648,1.32597,1.33554,1.34513,1.35463,1.36393,1.37288,1.38135,1.38916,1.39612,1.40201,1.40659,1.40962,1.41079,1.40979,1.40632,1.40632,1.40632,1.40632,1.40632,1.40632,1.40632,1.40632,1.40632,1.40632,1.40632,1.40632,1.40632,1.40632,1.40632,1.40632
0,15,0,0,0,0,0,0,0,0,0,0,0,0,0,0,0,0,0,0.001,0.003,0.003,0.014,0.022,0.037,0.059,0.101,0.144,0.206,0.266,0.311,0.402,0.485,0.581,0.672,0.776,0.828,0.838,0.824,0.844,0.894,0.9,1,1.078,1.123,1.116,1.17,1.137,1.148,1.142,1.18,1.2,1.264,1.273,1.284,1.291,1.269,1.327,1.333,1.345,1.387,1.399,1.34,1.313,1.335,1.292,1.302,1.302,1.323,1.3,1.285,1.291,1.323,1.333,1.334,1.341,1.297,1.324,1.343,1.357,1.411,1.421,1.283,1.125,1.12,0.93,0.906,0.746,0.746,0.746,0.746,0.746,0.746,0.746,0.746,0.746,0.746,0.746,0.746,0.746,0.746,0.746,0.746
0,16,1.99503,1.99503,1.99503,1.99503,1.99503,1.99503,1.99503,1.99503,1.99503,1.99503,1.99503,1.99503,1.99503,1.99503,1.99503,1.99503,1.99503,1.99503,1.99503,1.99503,1.99503,1.99503,1.99503,1.99503,1.99503,1,1,1,1,1,1,1,1,1,1,1,1,1,1,1,1,1,1,1,1,1,1,1,1,1,1,1,1,1,1,1,1,1,1,1,1,1,1,1,1,1.65041,1.65041,1.65041,1.65041,1.65041,1.65041,1.65041,1.65041,1.65041,1.65041,1.65041,1.65041,1.65041,1.65041,1.65041,1.65041,1.65041,1.65041,1.65041,1.65041,1.65041,1.65041,1.65041,1.65041,1.65041,1.65041,1.65041,1.65041,1.65041,1.65041,1.65041,1.65041,1.65041,1.65041,1.65041,1.65041
0,17,1.99503,1.99503,1.99503,1.99503,1.99503,1.99503,1.99503,1.99503,1.99503,1.99503,1.99503,1.99503,1.99503,1.99503,1.99503,1.99503,1.99503,1.99503,1.99503,1.99503,1.99503,1.99503,1.99503,1.99503,1.99503,1,1,1,1,1,1,1,1,1,1,1,1,1,1,1,1,1,1,1,1,1,1,1,1,1,1,1,1,1,1,1,1,1,1,1,1,1,1,1,1,1.65041,1.65041,1.65041,1.65041,1.65041,1.65041,1.65041,1.65041,1.65041,1.65041,1.65041,1.65041,1.65041,1.65041,1.65041,1.65041,1.65041,1.65041,1.65041,1.65041,1.65041,1.65041,1.65041,1.65041,1.65041,1.65041,1.65041,1.65041,1.65041,1.65041,1.65041,1.65041,1.65041,1.65041,1.65041,1.65041
1,1,0.03033,0.07909,0.13304,0.17834,0.23925,0.3151,0.38113,0.44123,0.53336,0.63825,0.76576,0.87763,1.02789,1.22856,1.36936,1.58914,1.88903,2.09019,0.5928,0.07237,0.06429,0.06994,0.08048,0.08904,0.09841,0.14225,0.15431,0.17625,0.18904,0.21082,0.27865,0.33053,0.37662,0.43109,0.48534,0.48912,0.51936,0.54207,0.59284,0.63367,0.64051,0.68294,0.66436,0.7773,0.88034,0.83429,0.84408,0.92851,0.99514,1.0271,0.91424,0.96814,1.06491,1.06715,1.15916,1.25355,1.37991,1.39223,1.50085,1.57164,3.62423,4.45135,16.3829,21.16377,22.79911,27.95128,30.48256,30.60202,31.48878,34.14546,36.46125,33.59688,36.57716,36.84389,38.3049,38.21105,38.29708,37.69223,37.64124,37.0056,35.77953,36.29171,37.79414,38.07625,37.84168,35.30019,35.30019,35.30019,35.30019,35.30019,35.30019,35.30019,35.30019,35.30019,35.30019,35.30019,35.30019,35.30019,35.30019,35.30019,35.30019
1,2,0,0,0,0,0,0,0,0,0,0,0,0,0,0,0,0,0,0,0,0,0.00524,0.00524,0.00524,0.00524,0.00524,0.01682,0.01682,0.01682,0.01682,0.01682,0.02302,0.02302,0.02302,0.02302,0.02302,0.02921,0.02921,0.02921,0.02921,0.02921,0.03835,0.03835,0.03835,0.03835,0.03835,0.03835,0.03835,0.03835,0.03835,0.03835,0.05377,0.05377,0.05377,0.05377,0.05377,0.09334,0.09334,0.09334,0.09334,0.09334,0.13656,0.13656,0.13656,0.13656,0.13656,0.84525,0.84525,0.84525,0.84525,0.84525,1.11155,1.11155,1.11155,1.11155,1.11155,1.34096,1.34096,1.34096,1.34096,1.34096,1.50101,1.50101,1.50101,1.50101,1.50101,1.37092,1.37092,1.37092,1.37092,1.37092,1.37092,1.37092,1.37092,1.37092,1.37092,1.37092,1.37092,1.37092,1.37092,1.37092,1.37092
1,3,0.33083,0.14564,0.14564,0.14564,0.14564,0.14564,0.1279,0.1279,0.1279,0.1279,0.1279,0.1279,0.1279,0.1279,0.1279,0.34198,0.34198,0.34198,0.34198,0.34198,0.34198,0.43179,0.43179,0.43179,0.43179,0.43179,0.43179,0.43179,0.43179,0.43179,0.43179,0.43179,0.43179,0.43179,0.43179,0.43179,0.43179,0.43179,0.43179,0.43179,0.43179,0.43179,0.43179,0.43179,0.43179,0.91652,0.91652,0.91652,0.91652,0.91652,0.91652,0.91652,0.91652,0.91652,0.91652,0.91652,0.91652,0.91652,0.91652,0.91652,0.91652,0.91652,0.91652,0.91652,0.91652,0.76531,0.76531,0.76531,0.76531,0.76531,0.76531,0.76531,0.76531,0.76531,0.76531,1.23759,1.23759,1.23759,1.23759,1.23759,1.23759,1.23759,1.23759,1.23759,1.23759,1.91579,1.91579,1.91579,1.91579,1.91579,1.91579,1.91579,1.91579,1.91579,1.91579,1.91579,1.91579,1.91579,1.91579,1.91579,1.91579
1,4,0,0,0,0,0,0,0,0,0,0,0,0,0,0,0,0,0,0,0.1,0.175,0.25,0.3,0.375,0.4425,0.479,0.4825,0.485,0.4825,0.48,0.4775,0.474,0.47,0.4665,0.4625,0.4575,0.4525,0.4475,0.4425,0.435,0.4325,0.425,0.4175,0.41,0.4025,0.395,0.3875,0.3775,0.3675,0.3575,0.3475,0.3375,0.3275,0.3175,0.3075,0.2975,0.2875,0.275,0.2625,0.25,0.2375,0.2205,0.207,0.189,0.171,0.154,0.122,0.1,0.08,0.0625,0.045,0.025,0.0175,0.01,0.005,0.0025,0.001,0,0,0,0,0,0,0,0,0,0,0,0,0,0,0,0,0,0,0,0,0,0,0,0,0
1,5,0,0,0,0,0,0,0,0,0,0,0,0,0,0,0,0,0,0.15891,0.31783,0.63565,0.95347,1.35075,1.58912,1.82749,1.90695,1.9864,1.97051,1.89105,1.81159,1.74803,1.70036,1.65268,1.62465,1.58912,1.55733,1.52556,1.49377,1.46199,1.43021,1.39843,1.36664,1.33485,1.31897,1.27129,1.23952,1.20773,1.17596,1.14417,1.11238,1.0806,1.04882,1.01863,0.98844,0.95824,0.92805,0.92169,0.92328,0.9258,0.92109,0.92381,0.93433,0.95304,0.98025,1.01621,1.06112,1.1151,1.17822,1.25048,1.33179,1.39843,1.43021,1.46199,1.49377,1.50649,1.5192,1.52873,1.53827,1.54622,1.55575,1.56528,1.57322,1.57958,1.58293,1.58753,1.58912,1.58912,1.58912,1.58912,1.58912,1.58912,1.58912,1.58912,1.58912,1.58912,1.58912,1.58912,1.58912,1.58912,1.58912,1.58912,1.58912
1,6,0,0,0,0,0,0,0,0,0,0,0,0,0,0,0,0,0.50762,2.53809,5.58375,6.09137,6.49745,6.90357,7.15733,7.36041,7.51268,7.61422,7.66495,7.51268,7.36041,7.15733,6.90357,6.64976,6.39595,6.14214,5.88833,5.63452,5.38071,5.1269,4.8731,4.61929,4.36548,4.11167,3.85786,3.60405,3.35024,3.09643,2.86803,2.63959,2.43655,2.23351,2.03047,1.82739,1.62435,1.42131,1.24364,1.06601,0.91369,0.76143,0.60912,0.50762,0.40608,0.30458,0.20304,0.10154,0,0,0,0,0,0,0,0,0,0,0,0,0,0,0,0,0,0,0,0,0,0,0,0,0,0,0,0,0,0,0,0,0,0,0,0,0
1,7,0,0,0,0,0,0,0,0,0,0,0,0,0,0,0,0,0.0299,0.29906,0.89716,1.79431,2.69147,3.14003,3.43909,3.73812,3.88765,4.00729,3.97737,3.91758,3.85776,3.76805,3.67833,3.58862,3.49891,3.40917,3.30451,3.19985,3.09519,2.9905,2.88584,2.78118,2.63165,2.48212,2.33259,2.18308,2.03355,1.88402,1.74944,1.61488,1.4803,1.34572,1.24106,1.1364,1.04669,0.95697,0.88221,0.82239,0.77752,0.74762,0.71773,0.68781,0.65791,0.63099,0.60409,0.58015,0.55623,0.5353,0.52333,0.51736,0.51436,0.51138,0.50838,0.50838,0.50838,0.50838,0.50838,0.50838,0.50838,0.50838,0.50838,0.50838,0.50838,0.50838,0.50838,0.50838,0.50838,0.50838,0.50838,0.50838,0.50838,0.50838,0.50838,0.50838,0.50838,0.50838,0.50838,0.50838,0.50838,0.50838,0.50838,0.50838,0.50838
1,8,0,0,0,0.06772369,0.12338749,0.76959163,0.73445947,0.71944363,0.703992,0.69822756,0.69893309,0.70014387,0.71992915,0.70359774,1,0.92413317,0.81832035,0.74930648,0.32793987,0.31157795,0.3027905,0.29424344,0.14403075,0.14602615,0.1445844,0.05033477,0.04800167,0.04598043,0.04479517,0.0441272,0.02306204,0.02289339,0.02304124,0.02322223,0.02341603,0.01663519,0.017006,0.01744156,0.01789225,0.01837825,0.00942043,0.00964903,0.00980785,0.00975032,0.00990923,0.01121145,0.01247385,0.01241724,0.01231928,0.01299407,0.00197721,0.00207897,0.00213443,0.00218563,0.00226328,0.0023183,0.00233908,0.00241028,0.00247416,0.00245467,0.00240518,0.00238024,0.0023902,0.00239483,0.002424,0.00019888,0.00020102,0.00020412,0.00020939,0.00021247,0.00021727,0.00023313,0.00024962,0.00026195,0.00027765,0.00029137,0.00030666,0.00032651,0.00035078,0.00038156,0.00041857,0.00045801,0.00050318,0.00055648,0.00062629,0.00071078,0.00080662,0.00093322,0.00109803,0.0013049,0.00035064,0.00035064,0.00035064,0.00035064,0.00035064,0.00035064,0.00035064,0.00035064,0.00035064,0.00035064,0.00035064
1,9,0,0,0,0,0,0,0,0,0,0,0,0,0,0,0,0,0,0.05555,0.07745,0.11557,0.15379,0.20887,0.2574,0.29742,0.35065,0.38104,0.4103,0.43117,0.44746,0.4643,0.47209,0.48021,0.48085,0.49077,0.49454,0.4981,0.50162,0.5054,0.51618,0.52563,0.52753,0.53711,0.55116,0.55219,0.55211,0.54426,0.54633,0.54576,0.53183,0.51569,0.51269,0.50518,0.48282,0.47121,0.45295,0.42123,0.40516,0.37101,0.35143,0.31006,0.27777,0.2651,0.2257,0.18318,0.15906,0.11641,0.08425,0.07673,0.05393,0.05207,0.04082,0.03577,0.02579,0.02462,0.01735,0.0173,0.01392,0.01289,0.01136,0.01024,0.00992,0.00978,0.00894,0.00514,0.0048,0.00444,0.00444,0.00444,0.00444,0.00444,0.00444,0.00444,0.00444,0.00444,0.00444,0.00444,0.00444,0.00444,0.00444,0.00444,0.00444
1,10,0,0,0,0,0,0,0,0,0,0,0,0,0,0,0,0,0,0.06067,0.08377,0.12597,0.1678,0.22397,0.28025,0.32245,0.38119,0.41392,0.44493,0.46732,0.48404,0.50172,0.50837,0.51419,0.51521,0.5271,0.52993,0.53327,0.536,0.54139,0.55231,0.562,0.56391,0.5755,0.58815,0.59088,0.59012,0.58116,0.5838,0.58148,0.56435,0.55176,0.54769,0.54204,0.52036,0.5066,0.48661,0.45163,0.43365,0.3979,0.37784,0.33474,0.29817,0.28519,0.2434,0.19605,0.17031,0.12504,0.09167,0.08248,0.05821,0.05589,0.04388,0.0383,0.02812,0.02679,0.01896,0.01847,0.0152,0.01408,0.0124,0.01118,0.01084,0.0108,0.0094,0.00546,0.00486,0.00437,0.00437,0.00437,0.00437,0.00437,0.00437,0.00437,0.00437,0.00437,0.00437,0.00437,0.00437,0.00437,0.00437,0.00437,0.00437
1,11,0.217,0.225,0.24,0.254,0.272,0.294,0.316,0.334,0.353,0.367,0.395,0.42,0.44,0.461,0.5,0.53,0.567,0.606,0.659,0.698,0.741,0.785,0.83,0.856,0.87,0.882,0.884,0.881,0.876,0.874,0.872,0.864,0.873,0.871,0.883,0.883,0.895,0.892,0.91,0.907,0.922,0.948,0.97,0.974,0.999,1.012,1.013,1.01,1.024,1.031,1.022,1.003,1.009,0.984,0.978,0.959,0.965,0.95,0.931,0.896,0.9,0.884,0.861,0.859,0.859,0.835,0.806,0.79,0.776,0.752,0.746,0.739,0.735,0.71,0.697,0.66,0.629,0.598,0.56,0.524,0.52,0.505,0.479,0.484,0.484,0.463,0.463,0.463,0.463,0.463,0.463,0.463,0.463,0.463,0.463,0.463,0.463,0.463,0.463,0.463,0.463
1,12,0,0,0,0,0,0,0,0,0,0,0,0,0,0,0,0,0,0,0,0.10665,0.08235,0.08235,0.10294,0.1185,0.16324,0.21912,0.25294,0.28824,0.32794,0.36765,0.41176,0.47059,0.53451,0.62353,0.69559,0.77794,0.86912,0.95588,1,1.07353,1.14559,1.20735,1.24853,1.30882,1.37059,1.41176,1.44265,1.46324,1.47059,1.50441,1.50441,1.52941,1.54412,1.56471,1.58824,1.60588,1.63676,1.65735,1.70588,1.73351,1.77206,1.82353,1.86176,1.92353,1.95441,1.97059,1.95441,1.91324,1.88235,1.82353,1.76471,1.66765,1.51471,1.37059,1.25,1.17647,1.09412,1,0.92059,0.79853,0.71324,0.63235,0,0,0,0,0,0,0,0,0,0,0,0,0,0,0,0,0,0,0
1,13,0,0,0,0,0,0,0,0,0,0,0,0,0,0,0,0,0,0,0,0.10665,0.08235,0.08235,0.10294,0.1185,0.16324,0.21912,0.25294,0.28824,0.32794,0.36765,0.41176,0.47059,0.53451,0.62353,0.69559,0.77794,0.86912,0.95588,1,1.07353,1.14559,1.20735,1.24853,1.30882,1.37059,1.41176,1.44265,1.46324,1.47059,1.50441,1.50441,1.52941,1.54412,1.56471,1.58824,1.60588,1.63676,1.65735,1.70588,1.73351,1.77206,1.82353,1.86176,1.92353,1.95441,1.97059,1.95441,1.91324,1.88235,1.82353,1.76471,1.66765,1.51471,1.37059,1.25,1.17647,1.09412,1,0.92059,0.79853,0.71324,0.63235,0,0,0,0,0,0,0,0,0,0,0,0,0,0,0,0,0,0,0
1,14,0,0,0,0,0,0,0,0,0,0,0,0,0,0,0,0.01,0.02,0.08,0.16,0.23,0.28204,0.31243,0.34215,0.37101,0.39884,0.42548,0.45083,0.47479,0.49726,0.5182,0.53756,0.55533,0.5715,0.58609,0.59912,0.61064,0.62069,0.62935,0.6367,0.64283,0.64783,0.6518,0.65488,0.65717,0.6588,0.6599,0.66061,0.66106,0.66139,0.66174,0.66224,0.66302,0.66423,0.666,0.66843,0.67167,0.67582,0.68098,0.68725,0.69474,0.70348,0.71359,0.72508,0.73801,0.75241,0.76827,0.78561,0.80439,0.82457,0.84609,0.86887,0.89282,0.91779,0.94365,0.97021,0.9973,1.02468,1.05209,1.07927,1.1059,1.13165,1.15613,1.17897,1.1997,1.21788,1.23299,1.23299,1.23299,1.23299,1.23299,1.23299,1.23299,1.23299,1.23299,1.23299,1.23299,1.23299,1.23299,1.23299,1.23299,1.23299
1,15,0,0,0,0,0,0,0,0,0,0,0,0,0,0,0,0,0,0,0.002,0.008,0.02,0.029,0.068,0.115,0.153,0.196,0.266,0.319,0.363,0.42,0.49,0.542,0.609,0.678,0.785,0.838,0.923,0.961,1.015,1.016,1.067,1.056,1.106,1.134,1.146,1.176,1.207,1.224,1.227,1.25,1.18,1.205,1.236,1.272,1.292,1.385,1.408,1.363,1.353,1.324,1.313,1.293,1.27,1.284,1.297,1.246,1.202,1.151,1.124,1.128,1.204,1.248,1.325,1.293,1.338,1.268,1.213,1.203,1.191,1.035,0.951,0.919,0.895,0.893,0.89,0.843,0.843,0.843,0.843,0.843,0.843,0.843,0.843,0.843,0.843,0.843,0.843,0.843,0.843,0.843,0.843
1,16,1.99503,1.99503,1.99503,1.99503,1.99503,1.99503,1.99503,1.99503,1.99503,1.99503,1.99503,1.99503,1.99503,1.99503,1.99503,1.99503,1.99503,1.99503,1.99503,1.99503,1.99503,1.99503,1.99503,1.99503,1.99503,1,1,1,1,1,1,1,1,1,1,1,1,1,1,1,1,1,1,1,1,1,1,1,1,1,1,1,1,1,1,1,1,1,1,1,1,1,1,1,1,1.65041,1.65041,1.65041,1.65041,1.65041,1.65041,1.65041,1.65041,1.65041,1.65041,1.65041,1.65041,1.65041,1.65041,1.65041,1.65041,1.65041,1.65041,1.65041,1.65041,1.65041,1.65041,1.65041,1.65041,1.65041,1.65041,1.65041,1.65041,1.65041,1.65041,1.65041,1.65041,1.65041,1.65041,1.65041,1.65041
1,17,1.99503,1.99503,1.99503,1.99503,1.99503,1.99503,1.99503,1.99503,1.99503,1.99503,1.99503,1.99503,1.99503,1.99503,1.99503,1.99503,1.99503,1.99503,1.99503,1.99503,1.99503,1.99503,1.99503,1.99503,1.99503,1,1,1,1,1,1,1,1,1,1,1,1,1,1,1,1,1,1,1,1,1,1,1,1,1,1,1,1,1,1,1,1,1,1,1,1,1,1,1,1,1.65041,1.65041,1.65041,1.65041,1.65041,1.65041,1.65041,1.65041,1.65041,1.65041,1.65041,1.65041,1.65041,1.65041,1.65041,1.65041,1.65041,1.65041,1.65041,1.65041,1.65041,1.65041,1.65041,1.65041,1.65041,1.65041,1.65041,1.65041,1.65041,1.65041,1.65041,1.65041,1.65041,1.65041,1.65041,1.65041
